Handle,Title,Image Alt Text,SEO Title,SEO Description
مجموعة-الدخون-الشيوخ-الحصن-الياسي,مجموعة الدخون (الشيوخ - الحصن - الياسي),مجموعة الدخون (الشيوخ - الحصن - الياسي) - منتج أصلي من أنفاس العنود,مجموعة الدخون (الشيوخ - الحصن - الياسي) | أنفاس العنود,اشتري مجموعة الدخون (الشيوخ - الحصن - الياسي) من متجر أنفاس العنود. توصيل سريع لجميع الإمارات.
مجموعة-الدخون-مليح-مهرة-غاوي,مجموعة الدخون (مليح - مهرة - غاوي),مجموعة الدخون (مليح - مهرة - غاوي) - منتج أصلي من أنفاس العنود,مجموعة الدخون (مليح - مهرة - غاوي) | أنفاس العنود,اشتري مجموعة الدخون (مليح - مهرة - غاوي) من متجر أنفاس العنود. توصيل سريع لجميع الإمارات.
مجموعة-الدخون-غناتي-الميث-الملكي,مجموعة الدخون (غناتي - الميث - الملكي),مجموعة الدخون (غناتي - الميث - الملكي) - منتج أصلي من أنفاس العنود,مجموعة الدخون (غناتي - الميث - الملكي) | أنفاس العنود,اشتري مجموعة الدخون (غناتي - الميث - الملكي) من متجر أنفاس العنود. توصيل سريع لجميع الإمارات.
لوشن-العنود,لوشن العنود,لوشن العنود - منتج أصلي من أنفاس العنود,لوشن العنود | أنفاس العنود,اشتري لوشن العنود من متجر أنفاس العنود. توصيل سريع لجميع الإمارات.
شاور-جل-العنود-جل-استحمام,شاور جل العنود (جل استحمام),شاور جل العنود (جل استحمام) - منتج أصلي من أنفاس العنود,شاور جل العنود (جل استحمام) | أنفاس العنود,اشتري شاور جل العنود (جل استحمام) من متجر أنفاس العنود. توصيل سريع لجميع الإمارات.
شامبو-العنود,شامبو العنود,شامبو العنود - منتج أصلي من أنفاس العنود,شامبو العنود | أنفاس العنود,اشتري شامبو العنود من متجر أنفاس العنود. توصيل سريع لجميع الإمارات.
بدي-أويل-نسمة,بدي أويل نسمة,بدي أويل نسمة - منتج أصلي من أنفاس العنود,بدي أويل نسمة | أنفاس العنود,اشتري بدي أويل نسمة من متجر أنفاس العنود. توصيل سريع لجميع الإمارات.
بدي-أويل-مهرة,بدي أويل مهرة,بدي أويل مهرة - منتج أصلي من أنفاس العنود,بدي أويل مهرة | أنفاس العنود,اشتري بدي أويل مهرة من متجر أنفاس العنود. توصيل سريع لجميع الإمارات.
بدي-أويل-مليح,بدي أويل مليح,بدي أويل مليح - منتج أصلي من أنفاس العنود,بدي أويل مليح | أنفاس العنود,اشتري بدي أويل مليح من متجر أنفاس العنود. توصيل سريع لجميع الإمارات.
بدي-أويل-غاوي,بدي أويل غاوي,بدي أويل غاوي - منتج أصلي من أنفاس العنود,بدي أويل غاوي | أنفاس العنود,اشتري بدي أويل غاوي من متجر أنفاس العنود. توصيل سريع لجميع الإمارات.
بدي-أويل-الملكي,بدي أويل الملكي,بدي أويل الملكي - منتج أصلي من أنفاس العنود,بدي أويل الملكي | أنفاس العنود,اشتري بدي أويل الملكي من متجر أنفاس العنود. توصيل سريع لجميع الإمارات.
بدي-أويل-الميث,بدي أويل الميث,بدي أويل الميث - منتج أصلي من أنفاس العنود,بدي أويل الميث | أنفاس العنود,اشتري بدي أويل الميث من متجر أنفاس العنود. توصيل سريع لجميع الإمارات.
بدي-أويل-غناتي,بدي أويل غناتي,بدي أويل غناتي - منتج أصلي من أنفاس العنود,بدي أويل غناتي | أنفاس العنود,اشتري بدي أويل غناتي من متجر أنفاس العنود. توصيل سريع لجميع الإمارات.
مرش-نسمة,مرش نسمة,مرش نسمة - منتج أصلي من أنفاس العنود,مرش نسمة | أنفاس العنود,اشتري مرش نسمة من متجر أنفاس العنود. توصيل سريع لجميع الإمارات.
مرش-مهرة,مرش مهرة,مرش مهرة - منتج أصلي من أنفاس العنود,مرش مهرة | أنفاس العنود,اشتري مرش مهرة من متجر أنفاس العنود. توصيل سريع لجميع الإمارات.
مرش-مليح,مرش مليح,مرش مليح - منتج أصلي من أنفاس العنود,مرش مليح | أنفاس العنود,اشتري مرش مليح من متجر أنفاس العنود. توصيل سريع لجميع الإمارات.
مرش-غاوي,مرش غاوي,مرش غاوي - منتج أصلي من أنفاس العنود,مرش غاوي | أنفاس العنود,اشتري مرش غاوي من متجر أنفاس العنود. توصيل سريع لجميع الإمارات.
مرش-الملكي,مرش الملكي,مرش الملكي - منتج أصلي من أنفاس العنود,مرش الملكي | أنفاس العنود,اشتري مرش الملكي من متجر أنفاس العنود. توصيل سريع لجميع الإمارات.
مرش-الميث,مرش الميث,مرش الميث - منتج أصلي من أنفاس العنود,مرش الميث | أنفاس العنود,اشتري مرش الميث من متجر أنفاس العنود. توصيل سريع لجميع الإمارات.
مرش-غناتي,مرش غناتي,مرش غناتي - منتج أصلي من أنفاس العنود,مرش غناتي | أنفاس العنود,اشتري مرش غناتي من متجر أنفاس العنود. توصيل سريع لجميع الإمارات.
دخون-الطارش,دخون الطارش,دخون الطارش - منتج أصلي من أنفاس العنود,دخون الطارش | أنفاس العنود,اشتري دخون الطارش من متجر أنفاس العنود. توصيل سريع لجميع الإمارات.
دخون-المزون,دخون المزون,دخون المزون - منتج أصلي من أنفاس العنود,دخون المزون | أنفاس العنود,اشتري دخون المزون من متجر أنفاس العنود. توصيل سريع لجميع الإمارات.
دخون-النوخذة,دخون النوخذة,دخون النوخذة - منتج أصلي من أنفاس العنود,دخون النوخذة | أنفاس العنود,اشتري دخون النوخذة من متجر أنفاس العنود. توصيل سريع لجميع الإمارات.
دخون-الميل,دخون الميل,دخون الميل - منتج أصلي من أنفاس العنود,دخون الميل | أنفاس العنود,اشتري دخون الميل من متجر أنفاس العنود. توصيل سريع لجميع الإمارات.
دخون-ظبي,دخون ظبي,دخون ظبي - منتج أصلي من أنفاس العنود,دخون ظبي | أنفاس العنود,اشتري دخون ظبي من متجر أنفاس العنود. توصيل سريع لجميع الإمارات.
دخون-خانين,دخون خانين,دخون خانين - منتج أصلي من أنفاس العنود,دخون خانين | أنفاس العنود,اشتري دخون خانين من متجر أنفاس العنود. توصيل سريع لجميع الإمارات.
دخون-الياسي,دخون الياسي,دخون الياسي - منتج أصلي من أنفاس العنود,دخون الياسي | أنفاس العنود,اشتري دخون الياسي من متجر أنفاس العنود. توصيل سريع لجميع الإمارات.
دخون-الحصن,دخون الحصن,دخون الحصن - منتج أصلي من أنفاس العنود,دخون الحصن | أنفاس العنود,اشتري دخون الحصن من متجر أنفاس العنود. توصيل سريع لجميع الإمارات.
دخون-الشيوخ,دخون الشيوخ,دخون الشيوخ - منتج أصلي من أنفاس العنود,دخون الشيوخ | أنفاس العنود,اشتري دخون الشيوخ من متجر أنفاس العنود. توصيل سريع لجميع الإمارات.
دخون-مهرة,دخون مهرة,دخون مهرة - منتج أصلي من أنفاس العنود,دخون مهرة | أنفاس العنود,اشتري دخون مهرة من متجر أنفاس العنود. توصيل سريع لجميع الإمارات.
دخون-مليح,دخون مليح,دخون مليح - منتج أصلي من أنفاس العنود,دخون مليح | أنفاس العنود,اشتري دخون مليح من متجر أنفاس العنود. توصيل سريع لجميع الإمارات.
دخون-غاوي,دخون غاوي,دخون غاوي - منتج أصلي من أنفاس العنود,دخون غاوي | أنفاس العنود,اشتري دخون غاوي من متجر أنفاس العنود. توصيل سريع لجميع الإمارات.
دخون-الملكي,دخون الملكي,دخون الملكي - منتج أصلي من أنفاس العنود,دخون الملكي | أنفاس العنود,اشتري دخون الملكي من متجر أنفاس العنود. توصيل سريع لجميع الإمارات.
دخون-الميث,دخون الميث,دخون الميث - منتج أصلي من أنفاس العنود,دخون الميث | أنفاس العنود,اشتري دخون الميث من متجر أنفاس العنود. توصيل سريع لجميع الإمارات.
دخون-غناتي,دخون غناتي,دخون غناتي - منتج أصلي من أنفاس العنود,دخون غناتي | أنفاس العنود,اشتري دخون غناتي من متجر أنفاس العنود. توصيل سريع لجميع الإمارات.
عطر-عتيق,عطر عتيق,عطر عتيق - منتج أصلي من أنفاس العنود,عطر عتيق | أنفاس العنود,اشتري عطر عتيق من متجر أنفاس العنود. توصيل سريع لجميع الإمارات.
عطر-بريس-فريش,عطر بريس فريش,عطر بريس فريش - منتج أصلي من أنفاس العنود,عطر بريس فريش | أنفاس العنود,اشتري عطر بريس فريش من متجر أنفاس العنود. توصيل سريع لجميع الإمارات.
عطر-بلوسم-ميوز,عطر بلوسم ميوز,عطر بلوسم ميوز - منتج أصلي من أنفاس العنود,عطر بلوسم ميوز | أنفاس العنود,اشتري عطر بلوسم ميوز من متجر أنفاس العنود. توصيل سريع لجميع الإمارات.
عطر-ليلى,عطر ليلى,عطر ليلى - منتج أصلي من أنفاس العنود,عطر ليلى | أنفاس العنود,اشتري عطر ليلى من متجر أنفاس العنود. توصيل سريع لجميع الإمارات.
عطرعود,عطر عود,عطر عود - منتج أصلي من أنفاس العنود,عطر عود | أنفاس العنود,اشتري عطر عود من متجر أنفاس العنود. توصيل سريع لجميع الإمارات.
عطر-إيفا,عطر إيفا,عطر إيفا - منتج أصلي من أنفاس العنود,عطر إيفا | أنفاس العنود,اشتري عطر إيفا من متجر أنفاس العنود. توصيل سريع لجميع الإمارات.
